memory,AVA,Jest
8,0,0
16,1.00000000000000000000,1.00000000000000000000
32,1.00000000000000000000,1.00000000000000000000
64,.00055855520387264941,.00204750204750204750
128,.00033490480974830615,.00115534082554353534
256,.00031588922817731915,.00140803003797414344
512,.00029892226405338590,.00272426918098035048
1024,.00029892226405338590,.00466133501376159541
